Date,Close,High,Low,Open,Volume,CPI,GDP,WPI,REPO_RATE
2024-05-13,211.8291015625,212.43840621741532,208.5716288290123,211.7822286728301,7111608,313.175,29147.044,255.313,6.5
2024-05-14,213.89138793945312,215.55526830770268,211.9462845263112,212.18063467978843,4909420,313.175,29147.044,255.313,6.5
2024-05-15,214.8053436279297,215.48496479025172,213.0945903788409,213.89138661717723,4793424,313.175,29147.044,255.313,6.5
2024-05-16,217.6878662109375,219.1173964449141,213.77421573457067,216.5395447220328,14621472,313.175,29147.044,255.313,6.5
2024-05-17,216.07086181640625,217.66444014912625,215.6255907615053,217.66444014912625,6876820,313.175,29147.044,255.313,6.5
2024-05-21,216.0239715576172,217.85189991892287,215.46153976376843,217.00824507635056,8467448,313.175,29147.044,255.313,6.5
2024-05-22,216.21144104003903,217.21915812032728,215.06313389584705,216.96136437511015,7765884,313.175,29147.044,255.313,6.5
2024-05-23,218.3206024169922,219.35174883809788,216.4223718504096,216.77389708893224,13171332,313.175,29147.044,255.313,6.5
2024-05-24,217.3128967285156,220.52349672540757,216.53954407468288,218.88304563393268,8205526,313.175,29147.044,255.313,6.5
2024-05-27,212.0634613037109,216.6098457354718,211.6650631788849,216.53954354958444,40983758,313.175,29147.044,255.313,6.5
2024-05-28,213.7507781982422,214.31322431153265,212.36812081710127,212.78994825026973,15778126,313.175,29147.044,255.313,6.5
2024-05-29,211.29010009765625,213.49299733939245,210.68079539858812,212.78994685419136,9756036,313.175,29147.044,255.313,6.5
2024-05-30,204.7985992431641,210.680782213103,203.93150083829715,210.44643206603612,20724568,313.175,29147.044,255.313,6.5
2024-05-31,205.38449096679688,207.23584869390075,204.11899435041784,205.0798243084693,21438004,313.175,29147.044,255.313,6.5
2024-06-03,208.1498107910156,211.17291921212257,206.95461641686776,211.00888554629688,8964424,313.044,29147.044,255.914,6.5
2024-06-04,205.3610382080078,208.99346561479237,195.4480295005349,208.99346561479237,17730732,313.044,29147.044,255.914,6.5
2024-06-05,211.61819458007807,213.25864570085392,205.78286987187903,206.087536522902,12267428,313.044,29147.044,255.914,6.5
2024-06-06,216.07086181640625,216.539562167418,212.13378172862767,213.23523041422516,15425568,313.044,29147.044,255.914,6.5
2024-06-07,227.10873413085935,227.97583258280136,219.49235393769075,220.28915020241556,72672440,313.044,29147.044,255.914,6.5
2024-06-10,222.7498321533203,228.9132386409775,221.8593043857575,228.9132386409775,18311752,313.044,29147.044,255.914,6.5
2024-06-11,223.12478637695312,224.6012038593448,222.3280043981057,224.6012038593448,9371714,313.044,29147.044,255.914,6.5
2024-06-12,223.52317810058597,227.0384304746891,222.89042981252769,224.03875130950743,13875116,313.044,29147.044,255.914,6.5
2024-06-13,226.1947784423828,227.48370432893392,224.1090562863424,224.97615474346927,12995932,313.044,29147.044,255.914,6.5
2024-06-14,223.8043975830078,227.6008729472298,223.1950929026505,227.3196499010655,11322596,313.044,29147.044,255.914,6.5
2024-06-18,230.5302581787109,231.06926069283247,224.99958575035404,225.44485678144505,31870984,313.044,29147.044,255.914,6.5
2024-06-19,232.35818481445312,233.0143624050501,228.13988191313172,230.7177336861615,20880284,313.044,29147.044,255.914,6.5
2024-06-20,229.85061645507807,233.17839133280856,228.84291370501265,233.17839133280856,12571126,313.044,29147.044,255.914,6.5
2024-06-21,229.9209442138672,234.7954391534893,229.2413373085,233.3893381448135,95171176,313.044,29147.044,255.914,6.5
2024-06-24,229.9209442138672,231.95979353716692,229.40538528689868,229.71003764472528,9934518,313.044,29147.044,255.914,6.5
2024-06-25,232.87374877929688,233.41275126789063,229.3350529038196,229.92092828350803,9258210,313.044,29147.044,255.914,6.5
2024-06-26,232.10040283203125,234.3032857410268,231.4442109449787,232.873755494802,12812090,313.044,29147.044,255.914,6.5
2024-06-27,239.412109375,239.95112616705805,229.288194259376,230.6708515729385,42137138,313.044,29147.044,255.914,6.5
2024-06-28,241.31033325195312,241.9899543949859,237.0920449387625,239.9745488661817,16405832,313.044,29147.044,255.914,6.5
2024-07-01,247.16909790039065,251.12962125518663,240.95881877116275,242.73990284115155,30757528,313.569,29511.664,257.321,6.5
2024-07-02,252.25450134277344,255.4416575875645,247.6143570372955,248.08305732644695,36276968,313.569,29511.664,257.321,6.5
2024-07-03,252.62945556640625,255.652578149447,250.9890045562348,253.9886978462836,16049384,313.569,29511.664,257.321,6.5
2024-07-04,248.73927307128903,257.22273767708566,247.9893353722806,253.75437236846523,19524632,313.569,29511.664,257.321,6.5
2024-07-05,250.8015289306641,251.4577208192969,248.1533892960466,249.0439027366801,10376090,313.569,29511.664,257.321,6.5
2024-07-08,253.6606292724609,254.50428416150135,250.75468144825643,251.19995249189395,12176360,313.569,29511.664,257.321,6.5
2024-07-09,253.56689453125,255.41826667301976,251.9733018658077,254.9729956099815,8681444,313.569,29511.664,257.321,6.5
2024-07-10,251.012451171875,254.66830795396996,249.23139567364385,253.56687364257888,9233748,313.569,29511.664,257.321,6.5
2024-07-11,250.33282470703125,252.88724712387784,248.41116487446595,251.55146268016745,8807618,313.569,29511.664,257.321,6.5
2024-07-12,262.5425109863281,264.7219504369816,253.8246673621174,255.44168928176285,54186042,313.569,29511.664,257.321,6.5
2024-07-15,262.3315734863281,265.7062214945412,260.6676930802612,265.7062214945412,16099478,313.569,29511.664,257.321,6.5
2024-07-16,262.3315734863281,263.69078724307144,260.784868159663,263.3392620048659,11239032,313.569,29511.664,257.321,6.5
2024-07-18,268.6590270996094,269.2214732007658,260.7614096034311,260.8551553881567,25019786,313.569,29511.664,257.321,6.5
2024-07-19,261.1598205566406,271.7993234007632,259.98806977220414,271.7993234007632,26523490,313.569,29511.664,257.321,6.5
2024-07-22,237.068603515625,246.8878804183937,235.076627261656,244.19285372184743,76014568,313.569,29511.664,257.321,6.5
2024-07-23,234.60794067382807,238.09976379741477,227.95240467739825,238.09976379741477,25847632,313.569,29511.664,257.321,6.5
2024-07-24,234.39703369140625,237.32641070138783,234.27985861100697,235.52191160251945,12240276,313.569,29511.664,257.321,6.5
2024-07-25,237.56076049804688,237.86541284589825,231.2098625679824,232.4753591557941,21887890,313.569,29511.664,257.321,6.5
2024-07-26,245.9739227294922,247.73154893317167,238.3341132189381,239.03716370040996,26153996,313.569,29511.664,257.321,6.5
2024-07-29,245.78646850585935,248.66895841807988,245.0599600967452,247.47377827851537,12011554,313.569,29511.664,257.321,6.5
2024-07-30,244.42721557617188,246.98163802798547,243.60699002054716,245.7864579398003,10816526,313.569,29511.664,257.321,6.5
2024-07-31,244.6615753173828,246.02081773424757,243.46639518238692,244.5678295287717,7758508,313.569,29511.664,257.321,6.5
2024-08-01,244.4506378173828,246.91131441325825,242.5524073077182,245.1302589795877,10759752,314.062,29511.664,255.463,6.5
2024-08-02,235.3578643798828,243.3726427654742,234.81886186904688,241.3806663923336,15652228,314.062,29511.664,255.463,6.5
2024-08-05,227.3196563720703,232.4050577310106,225.09332984059128,229.66315798415351,21938080,314.062,29511.664,255.463,6.5
2024-08-06,229.4288024902344,234.04550341945009,228.069574447539,229.545977568115,11271584,314.062,29511.664,255.463,6.5
2024-08-07,233.13153076171875,234.39702731705552,230.905204294677,233.7408497453839,7079826,314.062,29511.664,255.463,6.5
2024-08-08,228.3976593017578,231.5379571546469,227.9524025816965,231.5379571546469,13160570,314.062,29511.664,255.463,6.5
2024-08-09,230.27247619628903,232.686294441278,229.49912347963416,232.1707211956416,6065948,314.062,29511.664,255.463,6.5
2024-08-12,229.21788024902344,231.53795249853516,228.44452760038564,230.3896310207772,7338468,314.062,29511.664,255.463,6.5
2024-08-13,229.89749145507807,230.9286378109742,228.3273426282536,229.2178703154742,6289418,314.062,29511.664,255.463,6.5
2024-08-14,232.07696533203125,232.873761613761,229.87408236515307,231.0692624841488,11121756,314.062,29511.664,255.463,6.5
2024-08-16,241.96653747558597,242.52898357469252,233.3893274376002,234.818857676065,25931140,314.062,29511.664,255.463,6.5
2024-08-19,243.60699462890625,245.22401647630969,240.77136337582945,241.8493684050325,11466562,314.062,29511.664,255.463,6.5
2024-08-20,245.9036407470703,247.28628384138884,243.56013908592297,243.67731416898036,9543812,314.062,29511.664,255.463,6.5
2024-08-21,246.7003936767578,247.520619209121,244.21628778589715,245.31775066510264,6454402,314.062,29511.664,255.463,6.5
2024-08-22,243.2554626464844,248.6689455446344,242.81019162732983,247.3800196828274,11496506,314.062,29511.664,255.463,6.5
2024-08-23,240.16204833984372,244.403780389516,239.66990443617465,243.677300636345,11277706,314.062,29511.664,255.463,6.5
2024-08-26,243.7241668701172,245.9739226890173,241.82593629189515,241.84936558650088,17351380,314.062,29511.664,255.463,6.5
2024-08-27,242.3883819580078,245.2474424674489,241.84936514706857,243.7241664272784,7965796,314.062,29511.664,255.463,6.5
2024-08-28,250.5671844482422,252.20763559979272,242.71645393725024,243.72417108751043,34375566,314.062,29511.664,255.463,6.5
2024-08-29,252.48887634277344,254.01215243246963,250.3094083407904,250.7546793807566,25685318,314.062,29511.664,255.463,6.5
2024-08-30,252.3482818603516,254.03559169069416,251.08278518399496,253.89498730603216,19434804,314.062,29511.664,255.463,6.5
2024-09-02,249.5594787597656,254.035560872895,249.27824141736,252.3482512472449,15735982,314.732,29511.664,252.682,6.5
2024-09-03,251.24679565429688,253.49655142265053,248.1768143427895,249.8172654290969,15056686,314.732,29511.664,252.682,6.5
2024-09-04,243.3257751464844,247.5909364854662,242.2008829699284,247.47376140904143,20402128,314.732,29511.664,252.682,6.5
2024-09-05,245.99734497070312,246.53636176725536,243.4898097682304,244.2866060124916,12069118,314.732,29511.664,252.682,6.5
2024-09-06,244.00537109375,248.36430688306228,242.99768258681613,245.9973474206433,14579954,314.732,29511.664,252.682,6.5
2024-09-09,241.31033325195312,244.5443767010357,240.65417000921445,242.3649089061502,11919540,314.732,29511.664,252.682,6.5
2024-09-10,246.4192047119141,247.47378048100927,240.911975695528,242.22433093118448,10287272,314.732,29511.664,252.682,6.5
2024-09-11,241.0760040283203,246.65354941522065,240.5604451066261,246.0676740009327,8261524,314.732,29511.664,252.682,6.5
2024-09-12,248.43460083007807,249.34857218263815,242.66959257060324,243.935089165902,15779474,314.732,29511.664,252.682,6.5
2024-09-13,258.0663757324219,258.95691775218575,248.8095447358505,250.19221635298015,35919706,314.732,29511.664,252.682,6.5
2024-09-16,258.6757202148437,260.9957639324944,257.31647783259405,259.19127912827776,11088578,314.732,29511.664,252.682,6.5
2024-09-17,258.6757202148437,260.08182118660653,256.4025064795087,257.31647783259405,8728238,314.732,29511.664,252.682,6.5
2024-09-18,252.2310791015625,257.3398952318274,249.6532274391584,257.3398952318274,16665520,314.732,29511.664,252.682,6.5
2024-09-19,249.9813232421875,258.464816843743,248.01280463422384,255.06673926529217,20969182,314.732,29511.664,252.682,6.5
2024-09-20,252.67633056640625,253.4496975357465,248.8798694248385,252.11391306928303,16664232,314.732,29511.664,252.682,6.5
2024-09-23,250.7078094482422,253.28566117572305,249.34856709450992,252.67632788165184,8544290,314.732,29511.664,252.682,6.5
2024-09-24,252.88723754882807,253.98870040248872,248.1064888353461,249.4423018356755,12355694,314.732,29511.664,252.682,6.5
2024-09-25,251.317138671875,252.81698554482816,248.7627159892641,252.5357481645996,8065196,314.732,29511.664,252.682,6.5
2024-09-26,253.98870849609372,254.55112598026423,251.08276086336096,252.4888617881804,11403400,314.732,29511.664,252.682,6.5
2024-09-27,253.9418029785156,261.95659483602026,253.42624411949245,257.26959209146594,26462384,314.732,29511.664,252.682,6.5
2024-09-30,253.77780151367188,255.20733181063892,250.2859783046487,252.160779640264,8199446,314.732,29511.664,252.682,6.5
2024-10-01,256.26190185546875,257.5976863344701,253.1919204582008,253.1919204582008,9411274,315.631,29825.182,253.081,6.5
2024-10-03,248.48147583007807,254.22305451298524,246.65353321468237,253.14502093574376,14035368,315.631,29825.182,253.081,6.5
2024-10-04,250.07505798339844,254.01215223973597,247.4972061412532,247.4972061412532,11922754,315.631,29825.182,253.081,6.5
2024-10-07,249.09078979492188,253.8949680558179,246.5129380451728,252.16077115727452,9878074,315.631,29825.182,253.081,6.5
2024-10-08,246.9816436767578,250.19222948218297,243.86477505121837,249.13765374368887,11502804,315.631,29825.182,253.081,6.5
2024-10-09,248.9501953125,252.4888771335919,247.70812797720893,248.31743269355616,8841688,315.631,29825.182,253.081,6.5
2024-10-10,246.0676727294922,251.9732854321209,245.3411929409685,250.75467601957777,12620244,315.631,29825.182,253.081,6.5
2024-10-11,247.6143798828125,250.4734690747405,243.88820651883304,243.88820651883304,8436982,315.631,29825.182,253.081,6.5
2024-10-14,257.5742492675781,258.65225425758405,251.3639701690348,252.48886235429111,33136266,315.631,29825.182,253.081,6.5
2024-10-15,249.7938232421875,259.1209417728941,248.809535476888,259.1209417728941,21601252,315.631,29825.182,253.081,6.5
2024-10-16,249.4188995361328,252.5357396598341,247.94248200945407,249.81728338570707,12553622,315.631,29825.182,253.081,6.5
2024-10-17,247.8252868652344,252.16076469691933,246.0910900111211,250.73123448466788,23755278,315.631,29825.182,253.081,6.5
2024-10-18,257.1524658203125,261.7222943634273,245.9739449889885,249.3485933268825,74653054,315.631,29825.182,253.081,6.5
2024-10-21,256.8946228027344,263.3627098238487,256.37906391598284,258.53507385155694,23966964,315.631,29825.182,253.081,6.5
2024-10-22,255.6526031494141,260.36303578923787,254.90266544996865,257.69143816141,18478300,315.631,29825.182,253.081,6.5
2024-10-23,256.4728088378906,259.8943152925298,254.129307347426,256.6134132058793,12698576,315.631,29825.182,253.081,6.5
2024-10-24,256.33221435546875,258.01952405079675,255.51198880217376,256.47281872888,9576604,315.631,29825.182,253.081,6.5
2024-10-25,254.71519470214844,258.72257671791584,253.3325230362926,257.66800099759826,10124540,315.631,29825.182,253.081,6.5
2024-10-28,261.81597900390625,262.378425091504,254.36366131662385,254.7151865454729,11185858,315.631,29825.182,253.081,6.5
2024-10-29,263.5032958984375,264.06574194042486,259.3084227862407,262.3784038144628,12055630,315.631,29825.182,253.081,6.5
2024-10-30,264.9328308105469,271.26028453180714,262.9877132237261,263.6439050525124,20755492,315.631,29825.182,253.081,6.5
2024-10-31,258.6288146972656,265.4249689126901,256.98836367974934,264.7219184766117,15680094,315.631,29825.182,253.081,6.5
2024-11-01,258.4179077148437,260.08181672195786,257.7851737312912,258.58196998971823,1962810,316.528,29825.182,253.211,6.5
2024-11-04,253.4731292724609,258.9334994850865,250.3797185796895,258.25387829445106,9855560,316.528,29825.182,253.211,6.5
2024-11-05,254.83236694335935,255.60570529865896,253.28566162556328,254.5042710014761,6862260,316.528,29825.182,253.211,6.5
2024-11-06,264.30010986328125,265.2140525599323,253.56686158084403,256.5899842287092,19554884,316.528,29825.182,253.211,6.5
2024-11-07,264.0657653808594,267.01857160441347,259.8708918962945,265.2843747406764,11997142,316.528,29825.182,253.211,6.5
2024-11-08,266.6904602050781,271.28371724288303,264.81565907885613,264.81565907885613,20852658,316.528,29825.182,253.211,6.5
2024-11-11,268.7996520996094,273.34605123929896,265.3078287528128,266.69050051382345,16139444,316.528,29825.182,253.211,6.5
2024-11-12,267.4638671875,271.7055996496908,266.71392946032864,269.5027022748737,11260890,316.528,29825.182,253.211,6.5
2024-11-13,266.6904602050781,268.8464700573555,265.0734385122727,267.15916048663365,11391200,316.528,29825.182,253.211,6.5
2024-11-14,265.61248779296875,269.29177401068847,264.4407369456442,266.66706355556084,9783520,316.528,29825.182,253.211,6.5
2024-11-18,259.1209716796875,265.61248855685375,253.23878813064115,265.61248855685375,15289764,316.528,29825.182,253.211,6.5
2024-11-19,263.4095764160156,267.06543314305475,259.9880698459302,260.5973745325706,12919778,316.528,29825.182,253.211,6.5
2024-11-21,261.1363830566406,266.0342782959199,260.26927033908703,263.40956806413783,11672608,316.528,29825.182,253.211,6.5
2024-11-22,267.9325561523437,268.8464989137181,261.487926589228,263.3861572118334,14733232,316.528,29825.182,253.211,6.5
2024-11-25,272.9945068359375,275.3848670226988,268.98712482533307,269.7370338937139,23297474,316.528,29825.182,253.211,6.5
2024-11-26,276.0644836425781,276.6972176206119,271.5180848968043,274.1896823954299,15771340,316.528,29825.182,253.211,6.5
2024-11-27,273.2054138183594,279.34537624941964,272.73671352263887,277.2362249186774,13659676,316.528,29825.182,253.211,6.5
2024-11-28,268.1903381347656,274.6583970538431,267.41697113704186,274.54122196977573,11896556,316.528,29825.182,253.211,6.5
2024-11-29,270.8384704589844,272.1977128398497,267.9090934374621,269.5026859800492,8540112,316.528,29825.182,253.211,6.5
2024-12-02,273.9787902832031,274.4474906441725,271.0025544339276,272.99453096804734,11194000,317.604,29825.182,253.423,6.5
2024-12-03,273.39288330078125,277.65807325800534,271.1899861368519,276.86127701481433,15445286,317.604,29825.182,253.423,6.5
2024-12-04,275.59576416015625,278.40796583525986,273.533471488869,276.2050688016564,14036431,317.604,29825.182,253.423,6.5
2024-12-05,280.56396484375,282.06381140066685,275.50200774545004,276.53315404128,13487264,317.604,29825.182,253.423,6.5
2024-12-06,278.7360534667969,280.42336297882645,277.65804857815607,280.42336297882645,7894350,317.604,29825.182,253.423,6.5
2024-12-09,284.7354431152344,286.5633857978653,275.3614367575312,276.5331875522441,9285213,317.604,29825.182,253.423,6.5
2024-12-10,288.8131103515625,291.53156617970944,284.45420358832075,286.8445635080099,17028502,317.604,29825.182,253.423,6.5
2024-12-11,289.6568298339844,290.5004847819637,286.4227858249966,288.8600334803149,8608406,317.604,29825.182,253.423,6.5
2024-12-12,289.75054931640625,294.1563152478376,288.20384395104,288.71940287042946,12958440,317.604,29825.182,253.423,6.5
2024-12-13,290.5473327636719,291.5784505569044,285.1572792144073,289.75053651755866,7382211,317.604,29825.182,253.423,6.5
2024-12-16,289.84429931640625,291.90656363113567,287.8757521831477,290.5942084113628,7221189,317.604,29825.182,253.423,6.5
2024-12-17,289.51617431640625,292.7033305610442,288.0631862557892,291.5315798382218,10568517,317.604,29825.182,253.423,6.5
2024-12-18,293.0314636230469,293.6407683546974,289.23497363562603,289.65681539218355,10965226,317.604,29825.182,253.423,6.5
2024-12-19,293.1720275878906,293.78133223553914,282.2981752796585,287.17266967523693,12405595,317.604,29825.182,253.423,6.5
2024-12-20,286.0946960449219,299.96821452376685,285.34475834429355,295.74991150702635,22214824,317.604,29825.182,253.423,6.5
2024-12-23,288.6256408691406,291.203492535669,285.9071848331499,287.4070315242057,6693583,317.604,29825.182,253.423,6.5
2024-12-24,286.1884155273437,289.8443010570064,283.8449138325335,288.2507084616561,8837902,317.604,29825.182,253.423,6.5
2024-12-26,285.9540405273437,287.73512454649966,284.96978134386995,286.282136457567,6516148,317.604,29825.182,253.423,6.5
2024-12-27,289.75054931640625,291.4378590591336,285.62599213969685,286.09469246903194,8063921,317.604,29825.182,253.423,6.5
2024-12-30,284.6885681152344,290.031734266796,283.7042803400973,289.7505255351542,13709891,317.604,29825.182,253.423,6.5
2024-12-31,282.9543762207031,284.0323811869372,276.76752655261777,282.1107214039633,9337030,317.604,29825.182,253.423,6.5
2025-01-01,281.5014038085937,284.3604929559859,280.235935816598,281.22019505641634,7878201,318.961,30042.113,257.36,6.5
2025-01-02,284.78228759765625,285.3916208664818,278.54857940000534,279.3453756223808,8800435,318.961,30042.113,257.36,6.5
2025-01-03,276.01763916015625,284.7823125527354,275.5957974151109,284.3136122169954,12535720,318.961,30042.113,257.36,6.5
2025-01-06,275.8769836425781,279.1578857248041,272.36173141162175,276.53317550190167,9173687,318.961,30042.113,257.36,6.5
2025-01-07,275.64263916015625,278.8766827219958,273.06478747112936,275.87698931370414,7381943,318.961,30042.113,257.36,6.5
2025-01-08,278.9235534667969,279.7672369420987,271.1899980626469,274.6583919292054,7937785,318.961,30042.113,257.36,6.5
2025-01-09,274.0022277832031,279.3454235011045,273.11171423502,278.4080227511008,7964702,318.961,30042.113,257.36,6.5
2025-01-10,281.7357482910156,284.2667414383746,275.8769943454597,275.8769943454597,19505556,318.961,30042.113,257.36,6.5
2025-01-13,273.58038330078125,280.517142335508,272.0805365509815,280.23593358556946,9541248,318.961,30042.113,257.36,6.5
2025-01-14,274.51776123046875,276.11132502693494,268.6121205056024,273.5334734727269,7670070,318.961,30042.113,257.36,6.5
2025-01-15,274.3302917480469,276.2519802255805,271.56497702261646,274.65838769369384,4662694,318.961,30042.113,257.36,6.5
2025-01-16,270.0182189941406,277.9392651434681,268.7527511279784,277.3768190878434,10345666,318.961,30042.113,257.36,6.5
2025-01-17,264.30010986328125,269.78388047197154,262.94086755425786,269.78388047197154,9358955,318.961,30042.113,257.36,6.5
2025-01-20,281.4545288085937,286.28213615414626,278.3611182862153,283.0949798507754,39380165,318.961,30042.113,257.36,6.5
2025-01-21,279.6734619140625,286.70396609185593,279.15787444337417,283.4699227271931,15619474,318.961,30042.113,257.36,6.5
2025-01-22,289.75054931640625,290.5942041877699,280.61089289437155,280.61089289437155,30859317,318.961,30042.113,257.36,6.5
2025-01-23,297.81219482421875,304.28025351993773,291.20350314671674,291.6253448776712,39904371,318.961,30042.113,257.36,6.5
2025-01-24,300.0619506835937,302.31170649889026,296.78104844252056,299.030804257817,17479586,318.961,30042.113,257.36,6.5
2025-01-27,288.67254638671875,299.1714166761132,287.5476541452274,297.90592005623495,12372895,318.961,30042.113,257.36,6.5
2025-01-28,290.2499694824219,294.0740796754033,288.2900955031316,290.6323746665909,12077491,318.961,30042.113,257.36,6.5
2025-01-29,298.7108154296875,300.86187738666854,291.63618831954506,291.63618831954506,16338112,318.961,30042.113,257.36,6.5
2025-01-30,295.4125366210937,299.9058781363986,292.49666403020615,297.3245918743047,9984186,318.961,30042.113,257.36,6.5
2025-01-31,298.1849975585937,301.81791988250086,295.9383269014854,297.99380954721744,15597644,318.961,30042.113,257.36,6.5
2025-02-01,291.3971862792969,299.4756307667261,290.01096383380866,298.80639980983835,6046117,319.679,30042.113,259.498,6.5
2025-02-03,299.81024169921875,300.19264687922254,287.0950579406672,289.6763439630714,14877076,319.679,30042.113,259.498,6.5
2025-02-04,302.3437194824219,304.8293970034145,299.571245360242,304.0167677325222,15366864,319.679,30042.113,259.498,6.5
2025-02-05,303.1563415527344,307.3150672250492,301.0530692751639,303.825543331492,9628027,319.679,30042.113,259.498,6.5
2025-02-06,303.9689636230469,309.3705133109035,300.71844669347786,305.92880838148284,15062390,319.679,30042.113,259.498,6.5
2025-02-07,304.0167541503906,304.97278167916545,300.1926440352914,304.97278167916545,8589587,319.679,30042.113,259.498,6.5
2025-02-10,305.02056884765625,306.88483418351484,301.961298286416,304.781561967451,12304840,319.679,30042.113,259.498,6.5
2025-02-11,299.23663330078125,306.3112315756385,297.89820052050766,305.45081258658024,10627890,319.679,30042.113,259.498,6.5
2025-02-12,296.5597839355469,301.86572563753896,295.7471546109734,299.6668737481264,9668342,319.679,30042.113,259.498,6.5
2025-02-13,294.9822998046875,299.8580463253531,293.4526790085659,296.6553480791362,8832731,319.679,30042.113,259.498,6.5
2025-02-14,294.5521240234375,298.6630312373382,291.1582083694977,296.41636043063266,7371341,319.679,30042.113,259.498,6.5
2025-02-17,291.92303466796875,296.65535380159326,288.72033635997207,294.5521105785314,7507772,319.679,30042.113,259.498,6.5
2025-02-18,298.4718322753906,298.99763579197605,291.92303729501725,291.92303729501725,10368789,319.679,30042.113,259.498,6.5
2025-02-19,300.28826904296875,302.58272940235975,294.7432915674903,297.5635846018467,7835672,319.679,30042.113,259.498,6.5
2025-02-20,299.5234069824219,300.47943449168673,296.60753474942175,297.51577255348104,7697134,319.679,30042.113,259.498,6.5
2025-02-21,292.8790588378906,299.0454193049779,291.6362054620812,299.0454193049779,8722925,319.679,30042.113,259.498,6.5
2025-02-24,282.075927734375,289.9631553232184,280.450698342668,289.62856900845134,12600963,319.679,30042.113,259.498,6.5
2025-02-25,278.4908447265625,283.2709830100644,277.3436290439112,281.40674658488786,10810040,319.679,30042.113,259.498,6.5
2025-02-27,281.5501403808594,282.7929646443696,278.5386591457014,281.0721265601788,15555649,319.679,30042.113,259.498,6.5
2025-02-28,265.4410705566406,281.07212843212847,264.8196584207469,281.07212843212847,17458839,319.679,30042.113,259.498,6.5
2025-03-03,271.08160400390625,273.7584986875257,267.0184868583757,267.1619143334405,11471554,319.785,30042.113,258.525,6.25
2025-03-04,267.6877136230469,270.6514048590025,264.1504000227699,266.7316860743931,9331785,319.785,30042.113,258.525,6.25
2025-03-05,272.5634765625,274.3321334703956,266.39708682773204,269.0261627467088,10285712,319.785,30042.113,258.525,6.25
2025-03-06,273.3282775878906,279.16005162477023,271.033817245282,275.7661654071248,9782051,319.785,30042.113,258.525,6.25
2025-03-07,272.2766418457031,275.0491451553082,270.4601952872919,274.7623193772562,8097300,319.785,30042.113,258.525,6.25
2025-03-10,268.54815673828125,273.0892880028726,265.7278927214502,271.94207234668045,8165123,319.785,30042.113,258.525,6.25
2025-03-11,265.5366516113281,267.0184826413312,261.18673793565813,264.81963094991136,8602609,319.785,30042.113,258.525,6.25
2025-03-12,256.7412109375,265.48888718012614,250.67045876671983,265.48888718012614,18584311,319.785,30042.113,258.525,6.25
2025-03-13,252.3912811279297,259.17908278127226,251.76986903603944,256.7411949468078,8683943,319.785,30042.113,258.525,6.25
2025-03-17,248.42376708984372,253.5385203666228,247.5155292383579,252.3912756253402,12697926,319.785,30042.113,258.525,6.25
2025-03-18,248.42376708984372,248.42376708984372,248.42376708984372,248.42376708984372,0,319.785,30042.113,258.525,6.25
2025-03-19,254.01654052734372,254.7813509236477,244.98206819581512,250.4792267992334,14044300,319.785,30042.113,258.525,6.25
2025-03-20,256.21539306640625,261.9037688737735,255.7373792733719,257.3626378399473,17038774,319.785,30042.113,258.525,6.25
2025-03-21,252.67808532714844,257.69723027318094,248.75839547171705,252.3912887147769,22659168,319.785,30042.113,258.525,6.25
2025-03-24,257.5538330078125,259.7048951362335,253.7297225572863,255.3071622829989,9269617,319.785,30042.113,258.525,6.25
2025-03-25,259.0834655761719,262.62077917496083,257.5060259566859,260.0394931244234,12563930,319.785,30042.113,258.525,6.25
2025-03-26,255.6417694091797,260.278509013699,255.02035731645256,260.0395021183696,7308412,319.785,30042.113,258.525,6.25
2025-03-27,260.230712890625,261.521326753075,257.74503540533806,258.1274405933101,14783522,319.785,30042.113,258.525,6.25
2025-03-28,250.71823120117188,259.8961017437606,250.09681911340024,259.0834724709917,14283389,319.785,30042.113,258.525,6.25
2025-04-01,251.05284118652344,251.4352463724932,247.13312238513117,248.9017791928424,8388635,320.302,30485.729,258.392,6.25
2025-04-02,252.0088806152344,253.8731169255564,249.6188116207341,251.24404103160617,7136992,320.302,30485.729,258.392,6.25
2025-04-03,245.0776824951172,249.04519122265188,244.07385059181817,248.4715688242457,12262561,320.302,30485.729,258.392,6.25
2025-04-04,235.46958923339844,242.78319417909,234.08335219904276,241.87497092125847,14639785,320.302,30485.729,258.392,6.25
2025-04-07,232.21908569335935,233.12732353468408,217.97428105597103,220.89016799643343,13011904,320.302,30485.729,258.392,6.25
2025-04-08,236.37782287597656,238.52888496483783,233.1273348879378,233.98775388835296,13806651,320.302,30485.729,258.392,6.25
2025-04-09,226.24392700195312,231.64549172561505,223.71045968255785,230.11584172171595,19063559,320.302,30485.729,258.392,6.25
2025-04-11,229.2076110839844,234.2267558522468,227.86917831424364,234.2267558522468,11205821,320.302,30485.729,258.392,6.25
2025-04-15,233.27073669433597,234.27456860177384,230.7372693645474,234.27456860177384,10694621,320.302,30485.729,258.392,6.25
2025-04-16,236.76022338867188,237.52504836712504,230.5938484403229,233.27072857099728,16203319,320.302,30485.729,258.392,6.25
2025-04-17,226.48292541503903,227.3433589804182,221.94179445919988,224.6664788678326,54875421,320.302,30485.729,258.392,6.25
2025-04-21,227.9647674560547,230.2114380442893,226.9609356062515,226.9609356062515,16298364,320.302,30485.729,258.392,6.25
2025-04-22,223.85385131835935,228.49059090191665,223.2324392284416,227.9647728170045,18367713,320.302,30485.729,258.392,6.25
2025-04-23,232.8883209228516,234.56136916342427,225.71811417753992,226.76973574749184,31898042,320.302,30485.729,258.392,6.25
2025-04-24,232.07568359375,234.37014383740575,230.88064917771624,234.03554295360985,23000820,320.302,30485.729,258.392,6.25
2025-04-25,230.3070373535156,235.32618213035408,227.58236751306865,233.22292437952927,16620430,320.302,30485.729,258.392,6.25
2025-04-28,229.9246368408203,231.31087393747265,228.25158854779977,229.9246368408203,14218414,320.302,30485.729,258.392,6.25
2025-04-29,230.78504943847656,232.88832176160133,229.3032183760337,230.97626662263195,16647246,320.302,30485.729,258.392,6.25
2025-04-30,230.8806610107422,232.69710758108045,228.68179465498,230.92846530739808,14206640,320.302,30485.729,258.392,6.25
2025-05-02,231.052734375,234.99157785344963,230.16363574375237,231.3969048811204,10822257,320.62,30485.729,258.678,6.0
2025-05-05,232.85964965820312,236.01452906962496,232.02789572604007,233.27073452426689,12170446,320.62,30485.729,258.678,6.0
2025-05-06,230.5843048095703,235.08718674636225,230.0298070374891,233.7487539088033,8869045,320.62,30485.729,258.678,6.0
2025-05-07,233.3089599609375,233.70093476268548,225.63205980019728,225.63205980019728,9130056,320.62,30485.729,258.678,6.0
2025-05-08,230.9475860595703,235.02025823803476,228.7869544247762,232.41986209217805,11434833,320.62,30485.729,258.678,6.0
2025-05-09,231.36822509765625,232.2668933402585,226.10051848106667,226.19612707242464,10582438,320.62,30485.729,258.678,6.0
2025-05-12,245.9667816162109,246.59776333804783,234.1120451219244,234.3128027502575,19791711,320.62,30485.729,258.678,6.0
2025-05-13,240.50787353515625,245.65130675971545,239.59963563280945,245.65130675971545,11714159,320.62,30485.729,258.678,6.0
2025-05-14,241.81761169433597,242.5346323593957,239.72390901830985,240.5078586142634,8839105,320.62,30485.729,258.678,6.0
2025-05-15,245.2880096435547,245.79470310723363,239.5996337229301,242.06618669463597,12083645,320.62,30485.729,258.678,6.0
2025-05-16,243.1273651123047,245.69908156861143,242.381664786632,245.69908156861143,6640387,320.62,30485.729,258.678,6.0
2025-05-19,240.6799468994141,243.5384746583959,240.23061276300297,243.12737520712,6788784,320.62,30485.729,258.678,6.0
2025-05-20,238.7296600341797,243.4046344463817,238.3472402388913,241.8749844408752,9366429,320.62,30485.729,258.678,6.0
2025-05-21,239.88644409179688,241.0241192719844,237.19045384040396,238.7296588628064,5313593,320.62,30485.729,258.678,6.0
2025-05-22,235.12542724609372,238.90173329983327,234.2267589796304,238.05086933031825,11469037,320.62,30485.729,258.678,6.0
2025-05-23,236.4829864501953,239.47535749023731,234.8003831348431,235.27839693227736,7437642,320.62,30485.729,258.678,6.0
2025-05-26,239.23635864257807,239.81953607858665,237.2860541142313,237.56331029525484,3690751,320.62,30485.729,258.678,6.0
2025-05-27,237.33384704589844,239.95336787014628,237.0852851263892,239.95336787014628,6861143,320.62,30485.729,258.678,6.0
2025-05-28,236.5498962402344,239.140737391071,236.10057670009755,238.61491930645585,6205160,320.62,30485.729,258.678,6.0
2025-05-29,239.14073181152344,240.6703817332923,237.19044201969984,238.67227305837383,11785042,320.62,30485.729,258.678,6.0
2025-05-30,238.69140625,240.0680883113749,237.59198035844764,239.00689710471704,13858429,320.62,30485.729,258.678,6.0
2025-06-02,236.78890991210935,237.49637559055304,235.3739931430456,236.71244054108843,5846259,321.435,30485.729,260.491,6.0
2025-06-03,235.3931121826172,238.5288814815613,234.9246534162675,237.09484010992875,8573438,321.435,30485.729,260.491,6.0
2025-06-04,236.0049591064453,238.8252374318633,235.6703436323184,235.6703436323184,6698150,321.435,30485.729,260.491,6.0
2025-06-05,237.0374755859375,238.5193212216614,236.0240887062802,236.04319875424977,6468060,321.435,30485.729,260.491,6.0
2025-06-06,237.6588897705078,238.98776750731147,236.23441802954065,236.23441802954065,4445411,321.435,30485.729,260.491,6.0
2025-06-09,240.24017333984372,242.25739219424057,238.26120375928957,238.62449892167552,9193904,321.435,30485.729,260.491,6.0
2025-06-10,243.66275024414065,244.5518634996342,240.75643275281624,241.77937470124812,10739851,321.435,30485.729,260.491,6.0
2025-06-11,247.53468322753903,250.09683023683849,242.92662311522983,244.7621797999991,17268454,321.435,30485.729,260.491,6.0
2025-06-12,248.19430541992188,251.43525291234167,245.0489956960389,248.56717017950132,14528657,321.435,30485.729,260.491,6.0
2025-06-13,248.76792907714844,250.7182335146608,242.8310059589089,243.78703354142425,8692116,321.435,30485.729,260.491,6.0
2025-06-16,251.33009338378903,253.64366368660225,246.65510472024687,248.5671597955976,10935361,321.435,30485.729,260.491,6.0
2025-06-17,251.3492126464844,253.77753085038947,250.1541781805768,251.33010259826244,7528454,321.435,30485.729,260.491,6.0
2025-06-18,250.08724975585935,253.9209296664777,249.551876648098,251.33964354462043,5016660,321.435,30485.729,260.491,6.0
2025-06-19,253.90179443359372,254.72399333206667,250.29758092368093,251.29185778614357,14184486,321.435,30485.729,260.491,6.0
2025-06-20,254.8195953369141,255.4505770308733,251.3109613361813,254.3033322826481,12904674,321.435,30485.729,260.491,6.0
2025-06-23,251.66470336914065,253.5385385258216,250.2975908637416,252.39129370236992,6214062,321.435,30485.729,260.491,6.0
2025-06-24,253.31863403320312,256.83680859480046,253.0700575212962,253.82532749356557,6319428,321.435,30485.729,260.491,6.0
2025-06-25,257.5633850097656,258.0891884905033,254.15992927555357,254.20771898265863,5331739,321.435,30485.729,260.491,6.0
2025-06-26,256.7124938964844,259.370249180491,255.4409901582738,257.2670061850603,8564099,321.435,30485.729,260.491,6.0
2025-06-27,253.3950958251953,258.12744396820415,252.8692923318148,257.17141639795153,8906108,321.435,30485.729,260.491,6.0
2025-06-30,254.2842254638672,255.010786583034,251.33964418799587,254.39894410501745,7119563,321.435,30485.729,260.491,6.0
2025-07-01,252.9170684814453,256.5499905590356,252.1044684308101,253.825306294754,3886095,322.169,31098.027,262.358,5.5
2025-07-02,255.2593688964844,256.88462748481066,252.8215101896419,253.34731369875792,8750887,322.169,31098.027,262.358,5.5
2025-07-03,255.30715942382807,258.9400818165316,254.73356620319072,256.5978025215564,9357962,322.169,31098.027,262.358,5.5
2025-07-04,258.1752624511719,259.4659056499897,255.73740354557657,256.5022140167616,7141779,322.169,31098.027,262.358,5.5
2025-07-07,255.97637939453125,258.65324489441184,255.5461553219292,258.1752311140299,4849218,322.169,31098.027,262.358,5.5
2025-07-08,257.7928161621094,258.4142282179436,255.5939645258824,256.02415940654697,5519016,322.169,31098.027,262.358,5.5
2025-07-09,256.024169921875,257.553819859123,253.203906113981,256.2153871048982,11564433,322.169,31098.027,262.358,5.5
2025-07-10,253.3950958251953,255.78516475082685,251.57864927684457,255.78516475082685,6911031,322.169,31098.027,262.358,5.5
2025-07-11,246.94190979003903,250.5270131794162,246.41610629652217,249.52319590064903,13109857,322.169,31098.027,262.358,5.5
2025-07-14,243.07000732421875,248.13694172600904,240.58432983110347,246.94190727505415,10388421,322.169,31098.027,262.358,5.5
2025-07-15,246.0814971923828,248.4237764711008,241.68377900674523,242.83100920352797,8750149,322.169,31098.027,262.358,5.5
2025-07-16,251.2440490722656,252.39129389660025,244.7908625805912,246.0815057140556,12179338,322.169,31098.027,262.358,5.5
2025-07-17,249.1407928466797,252.72589626683825,246.6551153069072,252.24788247748376,7484171,322.169,31098.027,262.358,5.5
2025-07-18,255.21157836914065,259.94389746296383,253.9209352796809,256.7890180670817,30319126,322.169,31098.027,262.358,5.5
2025-07-21,248.9017791748047,255.40275486275576,247.80235332435427,255.21156685760755,12190000,322.169,31098.027,262.358,5.5
2025-07-22,248.2803649902344,250.62261496899796,247.37212715265247,250.192420079337,6724044,322.169,31098.027,262.358,5.5
2025-07-23,249.9055938720703,250.2402093472052,246.79850435773065,248.80616803289453,6510321,322.169,31098.027,262.358,5.5
2025-07-24,250.33583068847656,251.8176617851558,248.80618070683067,250.4792289920832,8139900,322.169,31098.027,262.358,5.5
2025-07-25,247.8023681640625,250.52702351184465,244.79085785226584,250.28801660936216,8427780,322.169,31098.027,262.358,5.5
2025-07-28,243.75680541992188,247.60738980612828,242.7332285894722,247.60738980612828,8998911,322.169,31098.027,262.358,5.5
2025-07-29,245.46275329589844,246.34009633443347,241.02726376828457,242.9281836016165,12923128,322.169,31098.027,262.358,5.5
2025-07-30,243.90301513671875,246.14513218703763,242.92818293003745,245.12155539507043,6057152,322.169,31098.027,262.358,5.5
2025-07-31,242.05084228515625,243.85427296047743,239.85746979845484,241.8558788168457,7338764,322.169,31098.027,262.358,5.5
2025-08-01,236.64051818847656,240.686065896584,236.1043574998125,240.2961389637877,7436999,323.291,31098.027,262.11,5.5
2025-08-04,239.8574676513672,240.21815080825093,235.0320511987707,236.6405183913832,5234393,323.291,31098.027,262.11,5.5
2025-08-05,239.7209930419922,240.7348119985049,238.3757198282796,239.85746895680657,7383968,323.291,31098.027,262.11,5.5
2025-08-06,233.92074584960935,239.80872590831797,233.2870959823132,239.80872590831797,7700190,323.291,31098.027,262.11,5.5
2025-08-07,236.2213592529297,237.05970071274936,232.6047250407385,233.0921411684065,6190830,323.291,31098.027,262.11,5.5
2025-08-08,233.0336456298828,237.127937987082,232.3999957607658,236.2993246485287,8922847,323.291,31098.027,262.11,5.5
2025-08-11,235.53895568847656,238.5901852899006,232.61445903528065,233.0336446237802,3047287,323.291,31098.027,262.11,5.5
2025-08-12,235.63644409179688,240.09141957743057,235.0320528786968,236.5917754971265,8101435,323.291,31098.027,262.11,5.5
2025-08-13,235.56820678710935,236.7770041295829,234.07671463760067,236.7770041295829,5820844,323.291,31098.027,262.11,5.5
2025-08-14,240.5983428955078,242.17756636517944,236.30908698725327,236.9817236131533,12857225,323.291,31098.027,262.11,5.5
2025-08-18,239.0386199951172,242.7429706054472,238.59993358753013,242.3822874367516,5789317,323.291,31098.027,262.11,5.5
2025-08-19,240.7445831298828,241.27098600900808,238.61944105359493,239.28233472982825,4090961,323.291,31098.027,262.11,5.5
2025-08-20,244.52691650390625,246.5253255789673,239.12635241728583,239.12635241728583,10099384,323.291,31098.027,262.11,5.5
2025-08-21,243.62033081054688,246.3791078589765,243.32787816102336,246.3791078589765,7607486,323.291,31098.027,262.11,5.5
2025-08-22,242.38229370117188,246.6325629702745,241.37821765850688,245.65773070556983,13572686,323.291,31098.027,262.11,5.5
2025-08-25,247.451416015625,250.8145991948616,244.2929690295729,244.2929690295729,16391069,323.291,31098.027,262.11,5.5
2025-08-26,245.6869659423828,248.40675619622257,244.9850855462151,246.63255439625436,15797327,323.291,31098.027,262.11,5.5
2025-08-28,244.34169006347656,245.99891673776128,242.81121121251053,245.67722032009752,5851451,323.291,31098.027,262.11,5.5
2025-08-29,243.13291931152344,246.73005275714573,242.4017951111859,244.19548291273827,10117017,323.291,31098.027,262.11,5.5
2025-09-01,244.0590057373047,246.62281934658196,243.123160220783,243.142661030958,3198345,324.245,31098.027,262.054,5.5
2025-09-02,244.61463928222656,246.77876797811365,243.31812553289043,244.0589926574767,5046939,324.245,31098.027,262.054,5.5
2025-09-03,243.2791290283203,246.04764899259635,242.85020046700103,245.56023287741704,3862765,324.245,31098.027,262.054,5.5
2025-09-04,238.80465698242188,244.03950139425615,238.2879970809629,243.2206458758789,5021036,324.245,31098.027,262.054,5.5
2025-09-05,237.5373687744141,241.09551535487677,235.1977773617269,239.90621883891225,6233782,324.245,31098.027,262.054,5.5
2025-09-08,236.41632080078125,240.77382213657367,236.1043673417334,238.2100085660276,6596932,324.245,31098.027,262.054,5.5
2025-09-09,242.8794403076172,243.5618347576162,238.83389256709856,238.83389256709856,12836972,324.245,31098.027,262.054,5.5
2025-09-10,249.31333923339844,250.69761406985876,242.97692982961703,243.0256744153672,15261331,324.245,31098.027,262.054,5.5
2025-09-11,247.5196533203125,249.26459645464797,245.8234398973213,249.26459645464797,5865301,324.245,31098.027,262.054,5.5
2025-09-12,245.5992431640625,249.45957060265388,244.5074357874524,248.4652524024239,5345794,324.245,31098.027,262.054,5.5
2025-09-15,244.95584106445312,245.45300014582503,243.31813006128027,245.17030534459616,3700703,324.245,31098.027,262.054,5.5
2025-09-16,247.61712646484372,248.0947996068193,243.90301809234165,245.65771906058336,7316998,324.245,31098.027,262.054,5.5
2025-09-17,247.75360107421875,249.06963051215135,246.4863310966648,246.92500261772264,7339871,324.245,31098.027,262.054,5.5
2025-09-18,250.4636383056641,253.26140205245,249.557051469507,250.53188370180976,10498239,324.245,31098.027,262.054,5.5
2025-09-19,249.4400787353516,251.1752789353828,248.28976895541248,250.53188608599783,10741757,324.245,31098.027,262.054,5.5
2025-09-22,244.02975463867188,245.44325840137773,240.98828283204853,242.29455445414865,15784007,324.245,31098.027,262.054,5.5
2025-09-23,243.34738159179688,245.6577292858718,242.48952444389133,243.9225290547064,8674114,324.245,31098.027,262.054,5.5
2025-09-24,238.4342193603516,242.8502083166328,238.1027799612588,242.08009737465144,7888797,324.245,31098.027,262.054,5.5
2025-09-25,235.90940856933597,239.4577974255537,235.20752814724804,239.27257691489723,7957740,324.245,31098.027,262.054,5.5
2025-09-26,229.8166961669922,235.47072602537372,229.0953149683309,235.37323685334195,16999628,324.245,31098.027,262.054,5.5
2025-09-29,233.6087951660156,234.72984628139795,230.343101243322,230.9182635642424,8894412,324.245,31098.027,262.054,5.5
2025-09-30,233.3455810546875,235.4219784193024,232.98489789736345,233.8914847116404,5590909,324.245,31098.027,262.054,5.5
2025-10-01,235.0028076171875,237.43988813817003,231.8540888742516,233.95973001432264,9479378,324.245,31422.526,260.591,5.5
2025-10-03,234.91506958007807,235.3244973368652,232.0685612175871,234.91506958007807,10968346,324.245,31422.526,260.591,5.5
2025-10-06,236.0361328125,236.8452453490659,233.29685662380936,233.9597354008941,6064946,324.245,31422.526,260.591,5.5
2025-10-07,237.40089416503903,238.8338987475049,236.04587794672727,236.786745094051,6587728,324.245,31422.526,260.591,5.5
2025-10-08,238.1222686767578,240.14992146342615,236.46505689070705,237.1279356552237,7360563,324.245,31422.526,260.591,5.5
2025-10-09,240.1986541748047,240.5885959894731,237.04020728716665,237.8493198184994,4629760,324.245,31422.526,260.591,5.5
2025-10-10,242.44078063964844,244.9266058832664,240.05244457215665,241.75840103104505,7070200,324.245,31422.526,260.591,5.5
2025-10-13,238.96063232421875,241.46594345215223,238.35622621913276,239.8672191697084,6717589,324.245,31422.526,260.591,5.5
2025-10-14,242.16781616210935,243.8542717228368,238.94112392245552,239.6137605282582,7888607,324.245,31422.526,260.591,5.5
2025-10-15,243.91278076171875,245.7844568732997,242.2847978348252,243.7080594468892,13278925,324.245,31422.526,260.591,5.5
2025-10-16,247.4221649169922,247.67563081561445,242.5382608193318,244.0979834561764,10661302,324.245,31422.526,260.591,5.5
2025-10-17,234.8370819091797,243.70806129004103,233.09213873523723,243.70806129004103,43802251,324.245,31422.526,260.591,5.5
2025-10-20,235.1685333251953,235.8509129135795,233.2481126355401,234.83707906104348,9871824,324.245,31422.526,260.591,5.5
2025-10-21,235.28550720214844,236.0653759596895,234.31067497391197,234.9345670049929,2082336,324.245,31422.526,260.591,5.5
2025-10-23,238.15151977539065,241.5634326235344,237.2449180551517,238.638935896554,18964626,324.245,31422.526,260.591,5.5
2025-10-24,236.8647308349609,239.6917532238864,236.06537614206437,238.83389610245257,6803979,324.245,31422.526,260.591,5.5
2025-10-27,237.77133178710935,239.5455187033569,236.942718445198,237.1669256922204,9550336,324.245,31422.526,260.591,5.5
2025-10-28,236.27984619140625,238.5414492830063,235.32449987384408,237.52763028499797,8780789,324.245,31422.526,260.591,5.5
2025-10-29,236.18235778808597,237.46914350586005,235.55846573925115,237.46914350586005,8776917,324.245,31422.526,260.591,5.5
2025-10-30,235.83140563964844,238.60968337840853,234.44714569122436,236.77699407004695,8344622,324.245,31422.526,260.591,5.5
2025-10-31,234.6128692626953,237.06945062894135,234.4471495698,236.01663004340736,5659566,324.245,31422.526,260.591,5.5
2025-11-03,234.44715881347656,235.2172697549134,233.47232655229783,234.61287851290572,4902693,325.063,31422.526,261.914,5.5
2025-11-04,231.9320831298828,234.7785914657564,231.5421561865202,234.4471520764222,6848284,325.063,31422.526,261.914,5.5
2025-11-06,234.00848388671875,234.56413053267983,232.37075797674785,233.9597392994128,7141517,325.063,31422.526,261.914,5.5
2025-11-07,230.5380859375,233.2286176133613,230.0604127763982,232.69245689676944,5520619,325.063,31422.526,261.914,5.5
2025-11-10,233.8037567138672,235.47072635951724,231.05473758082863,231.46416532937656,8566758,325.063,31422.526,261.914,5.5
2025-11-11,235.60720825195312,235.95814845600435,232.7996866195432,235.0320607959346,8831094,325.063,31422.526,261.914,5.5
2025-11-12,239.04835510253903,240.1011756715635,236.0068833751967,236.64051836014,13152546,325.063,31422.526,261.914,5.5
2025-11-13,239.1555938720703,239.80872968420655,237.8590652152293,239.80872968420655,6211124,325.063,31422.526,261.914,5.5
2025-11-14,238.21974182128903,239.71123390899896,236.0556131303455,237.78107030280245,6841554,325.063,31422.526,261.914,5.5
2025-11-17,237.9078063964844,238.61942975254223,236.58203398156655,237.82981803387048,6559062,325.063,31422.526,261.914,5.5
2025-11-18,234.8370819091797,237.85906781908,234.25219148693932,236.81599017687407,4730012,325.063,31422.526,261.914,5.5
2025-11-19,239.87696838378903,240.63733631548203,234.4861325927857,235.12952541952876,13298452,325.063,31422.526,261.914,5.5
2025-11-20,240.0621795654297,241.56342952924817,239.5260337388253,241.2709768853444,6705862,325.063,31422.526,261.914,5.5
2025-11-21,238.3367462158203,241.0272779167213,237.4788890612896,238.8339053168725,5516450,325.063,31422.526,261.914,5.5
2025-11-24,241.04676818847656,243.1036647760648,238.85339568452147,238.85339568452147,19711070,325.063,31422.526,261.914,5.5
2025-11-25,239.45779418945312,241.7583989030369,237.85906988847185,241.7583989030369,8188793,325.063,31422.526,261.914,5.5
2025-11-26,243.89328002929688,244.244220230002,239.43828956131185,239.8087305717115,8202096,325.063,31422.526,261.914,5.5
2025-11-27,243.2791290283203,245.57973368695687,241.4561975174728,244.09798453187923,5268129,325.063,31422.526,261.914,5.5
2025-11-28,243.24989318847656,245.647987098301,242.34330632454623,244.6828978038424,7049965,325.063,31422.526,261.914,5.5
2025-12-01,243.98101806640625,244.4391904208848,242.59675803523524,243.805555398611,3865446,326.031,31422.526,261.333,5.5
2025-12-02,243.873779296875,245.121563372053,242.60649441199627,243.70805960131725,8535708,326.031,31422.526,261.333,5.5
2025-12-03,248.280029296875,250.65862237799195,244.24422435793775,244.29296894561836,17215454,326.031,31422.526,261.333,5.5
2025-12-04,250.4636383056641,252.2865698201472,249.0696353533556,249.557051469507,10687381,326.031,31422.526,261.333,5.5
2025-12-05,253.36865234375,254.528705095151,251.21428141237067,251.7016975348242,7886562,326.031,31422.526,261.333,5.5
2025-12-08,254.80165100097656,256.44911983647165,253.17366810009895,253.46613561647283,9684253,326.031,31422.526,261.333,5.5
2025-12-09,250.9315643310547,255.23057797425164,250.58060926348844,254.80164941918085,8560580,326.031,31422.526,261.333,5.5
2025-12-10,251.4872283935547,253.81706194413255,250.77559015869068,251.51647217035628,7944200,326.031,31422.526,261.333,5.5
2025-12-11,252.72525024414065,253.4368884667086,251.233758153992,251.8089055874984,6473376,326.031,31422.526,261.333,5.5
2025-12-12,254.04129028320312,254.25575456816975,250.8828135637376,252.96896885836972,4008271,326.031,31422.526,261.333,5.5
2025-12-15,255.15257263183597,255.89345462984812,252.03312741558287,253.44661626763693,4023911,326.031,31422.526,261.333,5.5
2025-12-16,252.69601440429688,255.1623387811405,252.28657177377085,255.1525809388959,2982041,326.031,31422.526,261.333,5.5
2025-12-17,254.5677032470703,255.53277763653588,251.8089113718329,252.48154799161765,4923276,326.031,31422.526,261.333,5.5
2025-12-18,257.2095031738281,258.32079650390807,254.43122522434783,254.60668789496253,9008412,326.031,31422.526,261.333,5.5
2025-12-19,257.7944030761719,260.2802134395507,256.673322177472,260.2802134395507,12750745,326.031,31422.526,261.333,5.5
2025-12-22,265.8075256347656,266.2266963670133,260.0852352744315,260.77738759923454,14651313,326.031,31422.526,261.333,5.5
2025-12-23,264.5694580078125,265.622293462953,263.40940528846386,265.15436328849967,7572420,326.031,31422.526,261.333,5.5
2025-12-24,261.31353759765625,264.1600609341609,260.47519611983154,264.1210593132444,4694861,326.031,31422.526,261.333,5.5
2025-12-26,259.5978088378906,262.112892630566,259.05190517349195,260.47518163737,2899112,326.031,31422.526,261.333,5.5
2025-12-29,257.58966064453125,260.66040598902146,256.9657834829414,259.2956170583508,3755074,326.031,31422.526,261.333,5.5
2025-12-30,257.0145263671875,258.05760405355176,256.40037726681373,257.3557236173418,5117699,326.031,31422.526,261.333,5.5
2025-12-31,256.6538391113281,257.94062484889497,254.6846886337934,257.35571953640823,5705044,326.031,31422.526,261.333,5.5
2026-01-01,260.62139892578125,261.30376362734427,257.1119969978968,257.84312115997614,3639755,326.588,31856.257,263.537,5.25
2026-01-02,262.2298583984375,265.5442818855403,259.45158071457286,260.6213912392056,8286204,326.588,31856.257,263.537,5.25
2026-01-05,256.6733093261719,262.86349981760594,255.113601587763,262.66855122506394,7006599,326.588,31856.257,263.537,5.25
2026-01-06,258.9154357910156,259.402851886349,256.332136435652,256.6733039027713,4083654,326.588,31856.257,263.537,5.25
2026-01-07,263.98455810546875,265.64178480959305,257.8431269069261,258.3305430258428,10242615,326.588,31856.257,263.537,5.25
2026-01-08,255.6010284423828,264.08205118733326,254.77241507805792,264.08205118733326,9269522,326.588,31856.257,263.537,5.25
2026-01-09,255.35731506347656,257.3069795274099,253.89506671552653,254.7724097743928,4735387,326.588,31856.257,263.537,5.25
2026-01-12,256.4783630371094,257.8431221952334,252.53027469631817,254.1387716589656,3802164,326.588,31856.257,263.537,5.25
2026-01-13,257.5506896972656,258.1843247033359,254.7236524017661,256.8195655172956,6931244,326.588,31856.257,263.537,5.25
2026-01-14,253.6513671875,257.3557178937383,253.06646187874665,257.3557178937383,5625861,326.588,31856.257,263.537,5.25
2026-01-15,253.6513671875,253.6513671875,253.6513671875,253.6513671875,0,326.588,31856.257,263.537,5.25
2026-01-16,260.7189025878906,263.0097346234476,256.3808870853084,256.62459515288,12028289,326.588,31856.257,263.537,5.25
2026-01-19,239.75997924804688,245.6577170977665,235.47072347084665,245.6577170977665,65833247,326.588,31856.257,263.537,5.25
2026-01-20,233.86224365234372,239.808726144864,233.3748275422932,239.75998155890707,16796201,326.588,31856.257,263.537,5.25
2026-01-21,233.5210723876953,236.4943137751243,231.6201524431948,233.86225475607444,14397792,326.588,31856.257,263.537,5.25
2026-01-22,234.59336853027344,236.78674103216585,233.17986478178355,235.90939798131257,8537915,326.588,31856.257,263.537,5.25
2026-01-23,232.3999938964844,237.42038872406172,231.86384807852525,236.2018484564108,13546802,326.588,31856.257,263.537,5.25
2026-01-27,234.8000030517578,236.3999938964844,231.75,235.1999969482422,15677537,326.588,31856.257,263.537,5.25
2026-01-28,237.3500061035156,238.1000061035156,234.9499969482422,235.5,10155128,326.588,31856.257,263.537,5.25
2026-01-29,239.8000030517578,240.8999938964844,235.4499969482422,236.1999969482422,12201949,326.588,31856.257,263.537,5.25
2026-01-30,236.8999938964844,238.0,235.3000030517578,238.0,11362317,326.588,31856.257,263.537,5.25
2026-02-02,242.3000030517578,244.0800018310547,239.2899932861328,244.0,12335721,326.588,31856.257,263.537,5.25
2026-02-03,242.69000244140625,259.8900146484375,242.27999877929688,259.2099914550781,25915412,326.588,31856.257,263.537,5.25
2026-02-04,233.33999633789065,235.9199981689453,226.25999450683597,235.91000366210935,25995324,326.588,31856.257,263.537,5.25
2026-02-05,233.38999938964844,235.57000732421875,231.6999969482422,233.33999633789065,10102736,326.588,31856.257,263.537,5.25
2026-02-06,230.72000122070312,232.92999267578125,228.6000061035156,232.92999267578125,12279085,326.588,31856.257,263.537,5.25
2026-02-09,230.0800018310547,232.92999267578125,229.6100006103516,231.8500061035156,9112474,326.588,31856.257,263.537,5.25
2026-02-10,231.47000122070312,232.8600006103516,227.1999969482422,229.97999572753903,12435622,326.588,31856.257,263.537,5.25
2026-02-11,229.80999755859372,233.0,229.5,231.47000122070312,7874912,326.588,31856.257,263.537,5.25
2026-02-12,219.0800018310547,226.25999450683597,218.5,226.1999969482422,40899346,326.588,31856.257,263.537,5.25
2026-02-13,214.08999633789065,216.47999572753903,209.00999450683597,210.6499938964844,23721186,326.588,31856.257,263.537,5.25
2026-02-16,213.25999450683597,216.91000366210935,210.1100006103516,214.6199951171875,20754327,326.588,31856.257,263.537,5.25
2026-02-17,215.69000244140625,219.38999938964844,212.25999450683597,213.25999450683597,26941553,326.588,31856.257,263.537,5.25
2026-02-18,211.9499969482422,216.3999938964844,210.25999450683597,216.1999969482422,22679760,326.588,31856.257,263.537,5.25
2026-02-19,211.2100067138672,215.44000244140625,210.3999938964844,214.0,14151588,326.588,31856.257,263.537,5.25
2026-02-20,209.8600006103516,211.9600067138672,208.25,209.6999969482422,17690420,326.588,31856.257,263.537,5.25
2026-02-23,205.88999938964844,211.7400054931641,204.27999877929688,210.3600006103516,20946229,326.588,31856.257,263.537,5.25
2026-02-24,200.13999938964844,203.2899932861328,199.3600006103516,203.0,25036686,326.588,31856.257,263.537,5.25
2026-02-25,201.9199981689453,205.47999572753903,201.30999755859372,201.30999755859372,13979068,326.588,31856.257,263.537,5.25
2026-02-26,201.0800018310547,204.6300048828125,199.1199951171875,203.7100067138672,14378069,326.588,31856.257,263.537,5.25
2026-02-27,200.9600067138672,204.0,200.0500030517578,204.0,13288519,326.588,31856.257,263.537,5.25
2026-03-02,198.57000732421875,200.3600006103516,194.6999969482422,195.0,10486866,326.588,31856.257,263.537,5.25
2026-03-04,195.5500030517578,197.1199951171875,194.50999450683597,196.00999450683597,19562075,326.588,31856.257,263.537,5.25
2026-03-05,195.67999267578125,196.97000122070312,193.22000122070312,196.3999938964844,13149281,326.588,31856.257,263.537,5.25
2026-03-06,195.3999938964844,198.92999267578125,195.0,195.6000061035156,9022914,326.588,31856.257,263.537,5.25
2026-03-09,198.75,199.5,193.02999877929688,194.0,25862728,326.588,31856.257,263.537,5.25
2026-03-10,200.92999267578125,201.30999755859372,197.4199981689453,200.5,12982340,326.588,31856.257,263.537,5.25
2026-03-11,202.22999572753903,205.9499969482422,201.5800018310547,202.69000244140625,29199002,326.588,31856.257,263.537,5.25
2026-03-12,202.50999450683597,203.8000030517578,199.6999969482422,201.05999755859372,19042475,326.588,31856.257,263.537,5.25
2026-03-13,197.5800018310547,202.07000732421875,196.0399932861328,200.6000061035156,12629652,326.588,31856.257,263.537,5.25
2026-03-16,195.1100006103516,198.2899932861328,192.7700042724609,196.2400054931641,12631649,326.588,31856.257,263.537,5.25
2026-03-17,191.32000732421875,195.1100006103516,188.25,195.0,21778468,326.588,31856.257,263.537,5.25
2026-03-18,194.3000030517578,198.0,192.69000244140625,193.0,24529164,326.588,31856.257,263.537,5.25
2026-03-19,188.41000366210935,192.7899932861328,187.67999267578125,191.97999572753903,13685195,326.588,31856.257,263.537,5.25
2026-03-20,190.8999938964844,192.3000030517578,188.41000366210935,191.19000244140625,24395304,326.588,31856.257,263.537,5.25
2026-03-23,187.5399932861328,190.6199951171875,187.0,189.41000366210935,12014988,326.588,31856.257,263.537,5.25
2026-03-24,188.7400054931641,191.5,187.8000030517578,191.5,11843191,326.588,31856.257,263.537,5.25
2026-03-25,189.0500030517578,190.6199951171875,187.8999938964844,189.0,13862888,326.588,31856.257,263.537,5.25
2026-03-27,191.6000061035156,192.2899932861328,187.8999938964844,189.0500030517578,26269256,326.588,31856.257,263.537,5.25
2026-03-30,187.63999938964844,191.6300048828125,186.5,189.9900054931641,27946986,326.588,31856.257,263.537,5.25
2026-04-01,191.17999267578125,194.4900054931641,190.41000366210935,191.50999450683597,11769673,326.588,31856.257,263.537,5.25
2026-04-02,194.91000366210935,195.33999633789065,188.5800018310547,190.5,16623045,326.588,31856.257,263.537,5.25
2026-04-06,197.2899932861328,201.17999267578125,196.1100006103516,197.0,23282287,326.588,31856.257,263.537,5.25
2026-04-07,204.72000122070312,205.2700042724609,197.00999450683597,197.00999450683597,24771466,326.588,31856.257,263.537,5.25
2026-04-08,203.4199981689453,209.0,202.8000030517578,207.6999969482422,22084158,326.588,31856.257,263.537,5.25
2026-04-09,202.8699951171875,204.16000366210935,201.6300048828125,203.7100067138672,14540807,326.588,31856.257,263.537,5.25
2026-04-10,204.8800048828125,208.6999969482422,200.6199951171875,208.6999969482422,51219565,326.588,31856.257,263.537,5.25
2026-04-13,202.97000122070312,203.3999938964844,200.30999755859372,203.00999450683597,21930624,326.588,31856.257,263.537,5.25
2026-04-15,209.75,210.4900054931641,205.1000061035156,206.5,27890080,326.588,31856.257,263.537,5.25
2026-04-16,210.25999450683597,212.97999572753903,208.2100067138672,212.97999572753903,36305074,326.588,31856.257,263.537,5.25
2026-04-17,204.32000732421875,206.4499969482422,202.5,205.0,80542603,326.588,31856.257,263.537,5.25
2026-04-20,202.47999572753903,205.1999969482422,202.0,204.5,27927164,326.588,31856.257,263.537,5.25
2026-04-21,205.00999450683597,205.6999969482422,202.47999572753903,203.0,21530723,326.588,31856.257,263.537,5.25
2026-04-22,204.0,205.3800048828125,202.1999969482422,203.5,21790433,326.588,31856.257,263.537,5.25
2026-04-23,202.75999450683597,204.8999938964844,202.3000030517578,204.0,20307250,326.588,31856.257,263.537,5.25
2026-04-24,199.3600006103516,202.75,197.8800048828125,202.75,39363394,326.588,31856.257,263.537,5.25
2026-04-27,205.0500030517578,205.25,199.3600006103516,199.3600006103516,42632215,326.588,31856.257,263.537,5.25
2026-04-28,201.5800018310547,205.67999267578125,201.0200042724609,204.55999755859372,23455983,326.588,31856.257,263.537,5.25
2026-04-29,200.67999267578125,203.6000061035156,200.3000030517578,201.5800018310547,15667662,326.588,31856.257,263.537,5.25
2026-04-30,200.6499938964844,202.1499938964844,200.0,200.88999938964844,15300274,326.588,31856.257,263.537,5.25
2026-05-01,200.6499938964844,200.6499938964844,200.6499938964844,200.6499938964844,0,326.588,31856.257,263.537,5.25
2026-05-04,200.75,203.3699951171875,200.05999755859372,202.3999938964844,8446995,326.588,31856.257,263.537,5.25
2026-05-05,199.77999877929688,202.3000030517578,199.6000061035156,200.0,8899200,326.588,31856.257,263.537,5.25
2026-05-06,199.1199951171875,201.1300048828125,198.25,200.50999450683597,13166683,326.588,31856.257,263.537,5.25
2026-05-07,197.3600006103516,200.27999877929688,197.19000244140625,199.5,19303572,326.588,31856.257,263.537,5.25
2026-05-08,197.91000366210935,198.94000244140625,196.6999969482422,198.0,15970687,326.588,31856.257,263.537,5.25
2026-05-11,198.08999633789065,198.2400054931641,196.75,197.8800048828125,3072054,326.588,31856.257,263.537,5.25
